origen,destino,distancia_m
N-1,N-2,26.12
N-1,N-3,29.16
N-1,N-4,30.04
N-1,N-5,33.15
N-2,N-3,36.85
N-2,N-5,38.69
N-2,N-6,31.07
N-3,N-4,44.29
N-3,N-8,32.27
N-4,N-7,29.53
N-5,N-9,29.59
N-6,N-19,27.92
N-6,N-32,56.17
N-7,N-18,24.58
N-7,N-24,38.65
N-8,N-11,18.57
N-8,N-13,19.39
N-8,N-15,22.45
N-9,N-10,23.07
N-9,N-12,16.62
N-9,N-17,30.47
N-10,N-12,23.53
N-10,N-20,31.07
N-10,N-23,21.79
N-10,N-25,22.37
N-11,N-13,18.38
N-11,N-15,9.53
N-11,N-16,30.39
N-12,N-17,21.26
N-12,N-33,48.86
N-13,N-15,12.33
N-13,N-22,32.02
N-14,N-20,31.61
N-14,N-21,29.69
N-14,N-31,40.44
N-15,N-16,38.49
N-15,N-22,43.07
N-16,N-26,29.67
N-17,N-33,31.54
N-18,N-24,16.00
N-18,N-28,30.98
N-19,N-32,28.25
N-19,N-36,38.27
N-20,N-23,25.13
N-21,N-27,23.51
N-21,N-31,22.74
N-22,N-30,32.00
N-23,N-25,15.09
N-23,N-29,25.87
N-23,N-37,26.40
N-24,N-27,26.52
N-24,N-28,33.43
N-25,N-29,13.84
N-26,N-34,31.71
N-26,N-35,42.36
N-27,N-31,30.27
N-27,N-44,28.60
N-28,N-35,30.62
N-28,N-47,28.54
N-29,N-37,25.62
N-29,N-48,32.69
N-29,N-59,52.91
N-30,N-51,33.55
N-30,N-60,42.99
N-31,N-46,34.70
N-31,N-53,27.43
N-32,N-36,15.54
N-32,N-38,15.72
N-32,N-43,18.73
N-33,N-57,33.05
N-34,N-35,14.91
N-34,N-54,22.62
N-35,N-54,32.71
N-35,N-58,28.30
N-36,N-39,38.26
N-36,N-43,12.07
N-36,N-50,20.73
N-37,N-59,28.95
N-38,N-41,32.30
N-38,N-43,19.47
N-38,N-49,44.22
N-38,N-50,18.86
N-39,N-52,25.99
N-39,N-61,40.41
N-40,N-44,18.69
N-40,N-45,25.37
N-40,N-63,22.21
N-40,N-68,30.54
N-41,N-49,12.16
N-41,N-75,36.80
N-42,N-55,25.13
N-42,N-56,16.21
N-42,N-66,25.63
N-43,N-50,8.67
N-44,N-53,24.22
N-44,N-63,28.77
N-44,N-68,26.68
N-45,N-47,20.64
N-45,N-65,25.46
N-46,N-67,27.34
N-46,N-70,35.14
N-47,N-58,35.89
N-47,N-65,21.00
N-48,N-69,23.61
N-48,N-73,30.37
N-49,N-75,28.04
N-50,N-78,29.97
N-50,N-80,30.99
N-51,N-52,16.53
N-51,N-60,9.84
N-51,N-61,13.72
N-52,N-60,17.23
N-52,N-61,14.93
N-53,N-67,34.42
N-53,N-89,43.08
N-54,N-71,30.44
N-55,N-56,33.80
N-55,N-62,36.24
N-55,N-66,30.55
N-56,N-64,35.72
N-56,N-66,15.13
N-57,N-84,30.92
N-57,N-91,38.92
N-58,N-71,26.31
N-59,N-83,29.93
N-60,N-61,5.41
N-60,N-74,26.23
N-60,N-85,35.63
N-61,N-74,29.61
N-61,N-85,31.10
N-61,N-110,59.93
N-62,N-76,36.91
N-62,N-79,51.05
N-63,N-68,15.44
N-64,N-66,44.40
N-64,N-77,31.53
N-65,N-72,20.43
N-65,N-81,20.29
N-65,N-82,22.46
N-66,N-97,34.08
N-67,N-86,36.42
N-68,N-89,36.25
N-69,N-73,18.43
N-69,N-87,31.12
N-70,N-86,27.42
N-70,N-96,34.37
N-71,N-92,32.09
N-71,N-105,49.61
N-72,N-81,27.15
N-72,N-82,21.10
N-73,N-87,44.87
N-73,N-98,34.89
N-74,N-90,25.22
N-75,N-88,20.05
N-75,N-107,36.03
N-76,N-79,15.37
N-76,N-101,30.22
N-77,N-90,41.93
N-77,N-95,32.55
N-78,N-80,5.46
N-78,N-106,33.50
N-79,N-92,31.24
N-79,N-101,32.87
N-80,N-106,31.60
N-81,N-82,9.47
N-81,N-93,24.99
N-82,N-93,32.70
N-82,N-112,30.99
N-83,N-96,41.84
N-83,N-109,60.34
N-83,N-111,29.93
N-84,N-91,10.85
N-84,N-94,12.42
N-85,N-110,28.83
N-86,N-108,29.37
N-87,N-109,30.62
N-88,N-91,33.79
N-88,N-107,23.37
N-89,N-116,37.49
N-90,N-95,14.94
N-90,N-99,12.57
N-90,N-102,16.57
N-91,N-94,18.29
N-92,N-103,17.63
N-93,N-105,26.00
N-94,N-100,30.56
N-95,N-102,13.64
N-95,N-104,12.60
N-95,N-121,34.80
N-96,N-108,27.11
N-96,N-119,32.49
N-97,N-118,32.70
N-97,N-126,31.01
N-98,N-100,21.69
N-98,N-113,13.59
N-98,N-120,33.05
N-98,N-127,37.45
N-99,N-102,8.96
N-99,N-104,15.45
N-99,N-125,34.99
N-99,N-130,35.29
N-100,N-113,27.90
N-100,N-120,23.60
N-101,N-117,25.99
N-101,N-129,31.59
N-102,N-104,6.51
N-102,N-121,30.87
N-102,N-125,40.16
N-102,N-130,38.78
N-103,N-117,24.57
N-103,N-122,33.10
N-104,N-121,25.31
N-105,N-124,28.99
N-106,N-115,11.37
N-106,N-137,33.01
N-107,N-134,34.72
N-108,N-131,33.69
N-109,N-132,30.82
N-110,N-136,31.31
N-111,N-119,21.78
N-111,N-135,29.92
N-112,N-114,6.70
N-112,N-128,28.55
N-112,N-143,34.78
N-113,N-120,27.98
N-113,N-127,27.19
N-113,N-146,59.28
N-114,N-128,32.60
N-114,N-143,30.73
N-115,N-137,23.52
N-115,N-150,37.38
N-116,N-142,33.99
N-116,N-154,41.70
N-117,N-138,27.07
N-118,N-123,38.99
N-118,N-126,25.45
N-119,N-135,21.18
N-119,N-139,21.16
N-121,N-151,35.07
N-122,N-124,28.27
N-122,N-144,23.87
N-122,N-176,43.46
N-123,N-129,56.67
N-123,N-133,36.49
N-124,N-144,27.59
N-125,N-130,7.99
N-125,N-160,42.38
N-126,N-179,44.57
N-127,N-146,32.09
N-128,N-145,28.53
N-128,N-192,65.91
N-129,N-133,24.35
N-129,N-138,27.92
N-131,N-139,26.00
N-131,N-141,13.00
N-131,N-157,24.31
N-132,N-162,30.61
N-132,N-185,41.43
N-133,N-163,26.17
N-134,N-177,33.78
N-134,N-193,51.34
N-135,N-139,11.70
N-135,N-148,16.24
N-136,N-171,30.16
N-136,N-189,40.02
N-137,N-150,15.38
N-137,N-166,26.58
N-137,N-170,29.89
N-138,N-174,32.10
N-139,N-148,23.01
N-139,N-159,21.52
N-139,N-180,31.38
N-140,N-141,28.77
N-140,N-155,12.11
N-140,N-157,29.54
N-141,N-155,27.92
N-141,N-157,11.78
N-141,N-159,26.86
N-142,N-149,15.05
N-142,N-154,11.22
N-142,N-167,24.77
N-143,N-192,35.86
N-144,N-176,27.95
N-145,N-169,28.53
N-145,N-201,57.07
N-146,N-175,29.89
N-147,N-149,24.14
N-147,N-158,11.51
N-147,N-167,27.02
N-148,N-183,25.71
N-148,N-190,29.01
N-149,N-154,17.43
N-149,N-158,27.10
N-149,N-167,11.45
N-149,N-187,21.60
N-150,N-165,30.24
N-150,N-166,11.24
N-150,N-170,21.60
N-151,N-188,27.02
N-151,N-220,54.74
N-152,N-156,23.54
N-152,N-184,19.90
N-152,N-216,45.50
N-153,N-161,20.12
N-153,N-182,24.28
N-153,N-195,29.15
N-154,N-167,22.21
N-154,N-173,31.31
N-154,N-186,21.73
N-155,N-157,23.76
N-156,N-161,31.89
N-156,N-184,27.00
N-157,N-159,25.78
N-158,N-167,24.88
N-159,N-180,16.14
N-160,N-172,9.07
N-160,N-210,39.91
N-161,N-195,26.12
N-162,N-164,20.88
N-162,N-185,13.78
N-162,N-200,27.49
N-163,N-174,31.45
N-163,N-205,31.79
N-164,N-183,20.11
N-164,N-185,28.30
N-165,N-166,24.69
N-165,N-168,24.83
N-165,N-219,39.39
N-166,N-170,22.42
N-167,N-187,11.50
N-168,N-178,25.86
N-168,N-223,40.03
N-169,N-201,28.54
N-169,N-211,47.94
N-170,N-181,31.00
N-171,N-178,22.80
N-171,N-189,12.98
N-172,N-210,36.72
N-172,N-227,43.33
N-173,N-186,20.42
N-173,N-197,16.25
N-174,N-217,33.79
N-175,N-204,29.79
N-175,N-215,45.66
N-176,N-206,28.00
N-177,N-193,18.25
N-177,N-207,25.68
N-178,N-189,30.91
N-179,N-191,21.64
N-179,N-194,48.24
N-179,N-203,18.63
N-180,N-190,32.40
N-181,N-193,29.17
N-181,N-230,38.55
N-182,N-195,26.44
N-182,N-199,31.80
N-182,N-221,61.78
N-183,N-190,10.68
N-184,N-216,30.60
N-185,N-198,23.02
N-185,N-200,17.76
N-185,N-214,24.26
N-186,N-197,22.52
N-187,N-209,19.92
N-188,N-220,27.72
N-188,N-269,59.98
N-189,N-208,35.39
N-190,N-225,28.60
N-191,N-194,28.00
N-191,N-203,21.33
N-192,N-244,35.85
N-193,N-207,25.13
N-193,N-242,38.98
N-194,N-202,32.59
N-195,N-199,54.43
N-195,N-238,30.11
N-196,N-197,28.92
N-196,N-211,22.67
N-196,N-212,14.55
N-197,N-212,26.23
N-197,N-249,43.81
N-198,N-214,18.30
N-198,N-215,20.61
N-199,N-221,29.99
N-200,N-214,21.22
N-201,N-211,21.32
N-201,N-240,24.92
N-202,N-205,39.23
N-202,N-213,30.29
N-203,N-268,42.01
N-204,N-215,16.97
N-204,N-236,21.38
N-205,N-213,11.96
N-205,N-217,32.29
N-205,N-243,25.59
N-206,N-241,27.99
N-206,N-251,41.45
N-206,N-272,63.26
N-207,N-232,25.55
N-207,N-254,39.41
N-208,N-210,18.65
N-208,N-227,32.83
N-209,N-231,18.19
N-209,N-237,29.74
N-209,N-246,25.74
N-210,N-227,16.68
N-210,N-248,40.77
N-211,N-212,26.01
N-211,N-234,15.21
N-212,N-234,25.41
N-213,N-243,19.14
N-215,N-239,17.57
N-216,N-253,26.07
N-216,N-256,33.13
N-217,N-252,27.58
N-217,N-257,26.81
N-218,N-219,26.34
N-218,N-222,29.00
N-218,N-235,23.25
N-219,N-223,27.79
N-220,N-269,32.26
N-221,N-250,30.99
N-222,N-230,24.99
N-222,N-235,10.64
N-222,N-283,37.96
N-223,N-233,27.52
N-224,N-226,32.11
N-224,N-228,32.70
N-224,N-229,46.95
N-225,N-229,29.53
N-225,N-276,30.89
N-226,N-237,30.89
N-226,N-246,48.15
N-227,N-248,24.92
N-227,N-274,41.35
N-228,N-229,14.30
N-228,N-273,29.64
N-229,N-273,28.20
N-230,N-235,32.98
N-230,N-242,25.59
N-231,N-246,19.00
N-231,N-249,31.89
N-232,N-256,27.00
N-232,N-265,23.09
N-233,N-245,24.65
N-233,N-262,23.31
N-234,N-240,23.11
N-234,N-255,20.41
N-234,N-260,15.36
N-235,N-283,30.18
N-236,N-258,18.50
N-236,N-263,21.33
N-237,N-246,17.34
N-237,N-303,42.55
N-238,N-267,27.43
N-238,N-279,29.55
N-239,N-258,18.41
N-239,N-266,16.54
N-240,N-255,12.95
N-240,N-261,19.48
N-241,N-251,15.12
N-241,N-270,36.30
N-241,N-277,22.35
N-242,N-254,24.30
N-243,N-252,29.14
N-243,N-291,32.99
N-244,N-302,35.84
N-244,N-324,55.10
N-245,N-262,10.85
N-245,N-264,26.10
N-245,N-298,38.42
N-246,N-303,38.03
N-247,N-251,20.85
N-247,N-281,21.34
N-247,N-284,27.94
N-247,N-290,28.50
N-248,N-275,25.93
N-248,N-293,40.92
N-249,N-271,32.10
N-250,N-285,31.00
N-250,N-301,39.46
N-251,N-277,18.50
N-251,N-284,19.82
N-252,N-257,21.23
N-252,N-296,30.99
N-253,N-256,31.19
N-253,N-259,32.03
N-253,N-288,20.90
N-254,N-265,32.20
N-255,N-260,12.87
N-255,N-261,23.03
N-255,N-278,22.21
N-256,N-286,23.09
N-256,N-288,32.00
N-257,N-290,38.19
N-258,N-266,17.44
N-258,N-282,26.58
N-258,N-304,45.94
N-259,N-267,31.56
N-259,N-288,42.91
N-260,N-287,19.20
N-261,N-278,13.32
N-261,N-289,25.36
N-262,N-264,31.81
N-262,N-298,27.78
N-263,N-282,18.63
N-263,N-285,29.38
N-264,N-274,25.26
N-265,N-286,27.00
N-266,N-304,30.86
N-267,N-292,26.46
N-268,N-309,28.62
N-268,N-318,38.55
N-269,N-311,31.26
N-269,N-342,56.28
N-270,N-272,32.99
N-270,N-277,34.99
N-271,N-287,40.67
N-271,N-300,30.75
N-272,N-280,34.99
N-273,N-276,29.09
N-273,N-314,28.84
N-274,N-293,26.79
N-275,N-297,23.93
N-275,N-313,40.65
N-276,N-308,24.20
N-277,N-284,14.39
N-278,N-299,22.21
N-279,N-292,13.45
N-279,N-295,30.36
N-280,N-294,34.98
N-280,N-307,64.88
N-281,N-284,13.45
N-281,N-290,22.18
N-281,N-321,28.36
N-282,N-305,26.54
N-283,N-326,31.22
N-285,N-301,10.74
N-285,N-305,24.75
N-286,N-306,31.99
N-287,N-300,18.27
N-287,N-315,24.64
N-287,N-317,29.34
N-288,N-306,23.09
N-288,N-316,36.09
N-289,N-299,12.88
N-289,N-310,23.15
N-290,N-328,28.73
N-291,N-296,29.48
N-291,N-332,33.00
N-292,N-295,40.61
N-292,N-327,27.00
N-293,N-313,27.21
N-294,N-302,64.69
N-294,N-307,29.89
N-295,N-312,29.87
N-296,N-339,34.49
N-297,N-319,25.43
N-297,N-333,41.92
N-298,N-334,30.87
N-299,N-310,25.72
N-299,N-323,26.69
N-299,N-343,46.47
N-300,N-315,25.08
N-300,N-317,15.06
N-300,N-359,43.14
N-301,N-305,18.34
N-301,N-320,22.05
N-301,N-331,24.64
N-302,N-307,38.06
N-302,N-324,19.55
N-303,N-336,28.34
N-304,N-338,31.67
N-305,N-331,24.75
N-306,N-337,36.46
N-307,N-324,35.13
N-308,N-314,30.21
N-308,N-347,29.79
N-309,N-318,14.41
N-309,N-322,29.40
N-309,N-349,32.31
N-310,N-323,11.88
N-311,N-340,35.92
N-311,N-342,25.03
N-312,N-330,29.92
N-312,N-372,51.01
N-313,N-333,25.26
N-314,N-355,28.82
N-315,N-317,20.80
N-315,N-343,31.72
N-316,N-337,23.06
N-316,N-352,36.10
N-317,N-359,29.55
N-318,N-348,38.10
N-318,N-349,34.14
N-318,N-353,28.19
N-319,N-345,26.81
N-319,N-357,42.12
N-320,N-331,17.39
N-320,N-346,25.06
N-321,N-325,10.12
N-321,N-328,22.87
N-322,N-349,24.25
N-322,N-358,33.42
N-323,N-350,25.05
N-324,N-344,35.02
N-324,N-354,22.41
N-325,N-328,12.93
N-325,N-361,25.84
N-326,N-365,27.04
N-326,N-383,37.42
N-327,N-335,8.46
N-327,N-351,34.10
N-327,N-363,26.74
N-328,N-361,25.62
N-329,N-348,35.29
N-329,N-364,36.31
N-329,N-371,37.29
N-330,N-346,45.71
N-330,N-356,29.81
N-332,N-339,29.06
N-332,N-364,29.71
N-332,N-378,30.28
N-333,N-357,24.23
N-333,N-370,28.86
N-334,N-374,27.43
N-334,N-393,36.82
N-334,N-406,55.03
N-335,N-351,28.95
N-335,N-363,19.97
N-336,N-387,29.38
N-336,N-416,50.48
N-337,N-376,35.99
N-338,N-381,28.59
N-338,N-419,56.61
N-339,N-362,18.64
N-339,N-392,34.03
N-340,N-342,20.48
N-340,N-360,31.30
N-340,N-385,29.21
N-341,N-350,12.63
N-341,N-373,21.89
N-341,N-375,28.91
N-342,N-366,34.02
N-342,N-385,26.84
N-342,N-389,29.44
N-343,N-384,31.91
N-344,N-354,24.72
N-344,N-368,29.23
N-345,N-379,25.04
N-345,N-388,43.47
N-346,N-356,20.42
N-346,N-369,17.53
N-346,N-382,23.53
N-347,N-355,29.70
N-347,N-396,30.45
N-348,N-371,18.22
N-348,N-429,50.45
N-349,N-353,12.30
N-349,N-404,35.70
N-350,N-373,20.25
N-351,N-372,27.77
N-352,N-376,23.06
N-352,N-395,35.89
N-353,N-404,30.54
N-354,N-415,38.81
N-355,N-400,29.22
N-356,N-390,20.08
N-357,N-370,9.91
N-357,N-388,25.19
N-357,N-407,39.91
N-358,N-360,18.17
N-358,N-399,28.40
N-359,N-401,31.30
N-360,N-399,33.47
N-361,N-367,4.32
N-361,N-397,29.42
N-361,N-403,28.79
N-362,N-392,23.63
N-362,N-394,30.81
N-362,N-421,41.79
N-363,N-395,23.79
N-364,N-378,15.00
N-365,N-377,43.29
N-365,N-383,16.14
N-365,N-408,26.64
N-366,N-385,41.29
N-366,N-389,23.80
N-367,N-397,27.31
N-367,N-403,24.71
N-368,N-375,16.07
N-368,N-398,17.82
N-368,N-405,26.90
N-369,N-382,6.03
N-369,N-390,29.43
N-369,N-402,25.53
N-369,N-411,36.15
N-370,N-388,23.66
N-370,N-407,30.40
N-371,N-429,35.40
N-372,N-417,27.12
N-372,N-441,46.60
N-373,N-375,17.09
N-373,N-391,10.06
N-374,N-380,49.68
N-374,N-386,21.54
N-374,N-393,15.44
N-374,N-406,46.56
N-375,N-391,23.25
N-375,N-398,18.22
N-375,N-405,18.18
N-376,N-418,35.99
N-376,N-433,40.23
N-377,N-380,32.89
N-377,N-383,29.25
N-378,N-394,28.36
N-378,N-430,33.99
N-379,N-409,24.94
N-379,N-412,42.63
N-380,N-386,29.03
N-381,N-419,28.02
N-381,N-461,56.44
N-382,N-402,24.14
N-382,N-411,30.45
N-382,N-449,61.32
N-383,N-408,23.54
N-384,N-420,34.50
N-384,N-425,48.44
N-385,N-389,19.98
N-385,N-439,35.88
N-386,N-393,32.74
N-386,N-426,29.39
N-387,N-416,21.09
N-387,N-437,35.57
N-388,N-407,44.84
N-388,N-412,27.49
N-389,N-439,44.94
N-390,N-402,15.19
N-391,N-413,20.99
N-392,N-394,8.26
N-393,N-406,32.91
N-393,N-426,30.18
N-394,N-447,32.20
N-395,N-414,16.09
N-395,N-418,23.06
N-396,N-400,29.13
N-396,N-435,23.46
N-397,N-410,26.42
N-398,N-405,12.79
N-398,N-413,23.20
N-398,N-422,19.89
N-398,N-438,24.08
N-399,N-456,31.71
N-400,N-432,21.59
N-400,N-446,26.46
N-401,N-442,26.72
N-401,N-490,55.28
N-403,N-423,16.51
N-404,N-459,32.62
N-405,N-413,10.62
N-407,N-487,56.65
N-408,N-467,33.76
N-409,N-424,37.02
N-409,N-444,25.43
N-409,N-451,42.86
N-410,N-421,34.95
N-410,N-445,23.28
N-411,N-449,30.87
N-412,N-451,28.01
N-414,N-418,29.12
N-414,N-436,14.20
N-414,N-448,23.31
N-414,N-460,26.98
N-415,N-422,48.16
N-415,N-458,44.04
N-416,N-437,16.18
N-416,N-443,17.65
N-416,N-455,40.51
N-417,N-441,31.92
N-417,N-468,31.20
N-418,N-448,21.72
N-419,N-461,28.43
N-419,N-496,43.87
N-420,N-425,16.01
N-420,N-462,26.44
N-421,N-445,26.81
N-422,N-438,12.56
N-422,N-458,22.21
N-423,N-464,33.82
N-423,N-473,29.11
N-424,N-434,26.63
N-424,N-444,23.68
N-424,N-478,32.85
N-425,N-453,20.99
N-425,N-462,30.98
N-425,N-470,27.15
N-426,N-474,31.26
N-427,N-428,24.98
N-427,N-431,25.09
N-427,N-432,49.52
N-428,N-432,24.54
N-428,N-446,33.23
N-429,N-492,34.79
N-430,N-447,28.08
N-430,N-479,30.20
N-431,N-437,24.96
N-431,N-463,36.06
N-432,N-446,10.63
N-433,N-440,45.35
N-433,N-476,31.86
N-433,N-517,45.27
N-434,N-444,47.93
N-434,N-478,43.62
N-435,N-450,10.44
N-435,N-454,33.51
N-436,N-448,24.50
N-436,N-460,22.21
N-436,N-485,35.98
N-437,N-443,20.24
N-437,N-463,17.53
N-438,N-472,23.84
N-439,N-498,33.58
N-440,N-476,37.99
N-440,N-517,64.92
N-441,N-481,42.52
N-441,N-509,36.99
N-442,N-490,28.56
N-442,N-500,41.45
N-443,N-455,27.06
N-443,N-463,19.99
N-443,N-519,42.99
N-444,N-478,25.62
N-445,N-466,39.29
N-445,N-515,37.26
N-446,N-450,28.71
N-446,N-505,31.29
N-447,N-504,32.49
N-448,N-460,10.26
N-448,N-486,38.68
N-449,N-491,32.40
N-450,N-454,39.36
N-450,N-511,32.01
N-451,N-484,28.47
N-452,N-457,19.09
N-452,N-469,10.96
N-452,N-475,20.40
N-452,N-510,41.82
N-453,N-470,10.37
N-453,N-483,29.45
N-453,N-501,28.33
N-454,N-471,34.70
N-455,N-465,27.25
N-456,N-459,52.52
N-456,N-523,35.11
N-457,N-469,20.86
N-457,N-475,16.26
N-457,N-480,20.14
N-458,N-472,12.68
N-458,N-493,22.22
N-459,N-520,30.54
N-460,N-516,35.99
N-461,N-471,30.04
N-461,N-496,16.88
N-461,N-532,36.24
N-462,N-483,21.10
N-462,N-521,36.27
N-462,N-537,37.50
N-463,N-519,26.30
N-464,N-466,25.32
N-464,N-494,22.17
N-464,N-506,19.92
N-465,N-477,26.08
N-465,N-500,52.95
N-466,N-506,35.44
N-466,N-515,48.31
N-467,N-495,17.84
N-467,N-497,16.97
N-467,N-503,18.83
N-468,N-481,12.50
N-468,N-485,33.42
N-469,N-475,12.99
N-469,N-510,34.34
N-470,N-483,20.63
N-470,N-501,21.59
N-470,N-538,43.20
N-471,N-496,34.45
N-472,N-493,23.51
N-472,N-508,20.64
N-473,N-488,21.02
N-473,N-494,14.00
N-473,N-506,28.12
N-474,N-489,31.45
N-474,N-499,10.15
N-474,N-502,21.69
N-474,N-548,36.39
N-475,N-480,19.33
N-476,N-517,26.94
N-477,N-490,40.96
N-477,N-500,26.87
N-478,N-527,27.26
N-479,N-504,28.00
N-479,N-549,35.00
N-480,N-529,24.49
N-481,N-509,27.44
N-481,N-551,38.27
N-482,N-489,41.62
N-482,N-495,41.50
N-482,N-497,46.23
N-483,N-537,32.65
N-484,N-524,24.25
N-484,N-528,21.56
N-484,N-542,35.46
N-485,N-516,21.17
N-486,N-517,35.43
N-486,N-541,35.00
N-487,N-536,26.62
N-487,N-588,57.16
N-488,N-494,30.92
N-488,N-535,23.77
N-489,N-499,36.02
N-489,N-548,36.79
N-490,N-500,17.01
N-490,N-525,18.92
N-490,N-533,21.03
N-491,N-539,30.49
N-491,N-582,47.60
N-492,N-520,61.45
N-492,N-562,34.78
N-493,N-507,26.76
N-493,N-508,12.45
N-493,N-534,22.21
N-493,N-540,23.07
N-494,N-506,14.48
N-494,N-546,28.57
N-495,N-497,4.82
N-495,N-503,12.67
N-496,N-530,39.32
N-496,N-532,21.73
N-496,N-587,51.07
N-497,N-503,7.86
N-497,N-558,31.89
N-498,N-552,29.44
N-498,N-614,60.48
N-499,N-502,14.16
N-499,N-522,52.75
N-499,N-548,29.87
N-500,N-533,18.17
N-501,N-538,21.60
N-501,N-573,43.20
N-502,N-522,38.58
N-502,N-548,37.48
N-503,N-558,27.44
N-504,N-560,29.30
N-505,N-511,28.69
N-505,N-568,31.39
N-506,N-554,29.53
N-507,N-534,20.18
N-507,N-540,32.16
N-508,N-540,18.74
N-509,N-531,28.52
N-510,N-550,34.35
N-511,N-571,31.43
N-512,N-513,30.34
N-512,N-514,60.67
N-512,N-518,32.91
N-513,N-514,30.36
N-513,N-518,63.23
N-513,N-561,44.80
N-514,N-561,24.93
N-514,N-583,35.17
N-515,N-565,30.00
N-516,N-553,24.96
N-517,N-541,15.08
N-517,N-579,34.18
N-518,N-526,32.51
N-519,N-572,27.69
N-520,N-523,52.08
N-520,N-577,30.55
N-521,N-537,21.75
N-521,N-570,34.02
N-522,N-543,34.41
N-522,N-555,57.16
N-523,N-552,60.55
N-523,N-584,32.23
N-524,N-528,9.26
N-524,N-569,28.81
N-525,N-533,14.77
N-525,N-556,25.38
N-525,N-559,39.82
N-526,N-545,35.82
N-526,N-557,60.52
N-527,N-569,39.83
N-527,N-574,26.25
N-528,N-542,34.82
N-528,N-569,33.13
N-529,N-531,12.78
N-529,N-544,14.35
N-529,N-567,22.01
N-530,N-532,48.33
N-530,N-566,33.76
N-531,N-544,26.42
N-531,N-567,17.21
N-532,N-587,29.65
N-533,N-556,13.84
N-533,N-580,27.68
N-534,N-540,12.68
N-535,N-546,12.67
N-535,N-563,22.25
N-536,N-588,30.55
N-536,N-609,45.77
N-537,N-596,40.27
N-538,N-573,21.59
N-539,N-581,23.02
N-539,N-582,24.44
N-541,N-579,27.99
N-542,N-610,37.80
N-542,N-627,58.99
N-543,N-555,22.75
N-543,N-590,61.67
N-543,N-669,66.33
N-544,N-578,18.37
N-544,N-586,25.12
N-545,N-557,24.70
N-545,N-576,54.08
N-546,N-554,39.41
N-546,N-585,28.96
N-547,N-557,39.80
N-547,N-563,11.39
N-547,N-576,19.63
N-547,N-585,25.28
N-548,N-606,31.01
N-548,N-630,39.93
N-549,N-560,27.90
N-549,N-602,28.39
N-550,N-597,34.34
N-550,N-617,31.69
N-551,N-575,20.11
N-551,N-591,23.64
N-551,N-594,27.67
N-552,N-614,31.05
N-553,N-575,37.36
N-553,N-603,39.99
N-554,N-595,29.94
N-555,N-590,38.92
N-556,N-580,13.84
N-556,N-642,41.52
N-557,N-576,29.38
N-558,N-620,29.28
N-559,N-592,27.57
N-559,N-612,46.86
N-560,N-623,32.59
N-561,N-583,11.66
N-561,N-615,27.94
N-562,N-634,34.38
N-562,N-689,57.76
N-563,N-576,22.12
N-563,N-585,14.03
N-563,N-598,21.74
N-563,N-608,29.33
N-564,N-593,28.00
N-564,N-626,53.73
N-564,N-629,67.47
N-565,N-613,29.99
N-565,N-665,58.15
N-566,N-589,45.19
N-566,N-600,36.48
N-567,N-586,18.08
N-568,N-571,28.00
N-568,N-641,34.70
N-569,N-616,27.99
N-570,N-596,21.12
N-570,N-632,36.60
N-571,N-651,36.87
N-572,N-633,28.50
N-572,N-687,50.39
N-573,N-607,21.71
N-574,N-611,22.91
N-574,N-616,39.52
N-575,N-618,22.65
N-575,N-639,32.58
N-576,N-605,16.37
N-576,N-678,45.82
N-577,N-647,30.54
N-577,N-677,45.26
N-578,N-586,11.37
N-578,N-601,24.99
N-579,N-629,27.99
N-580,N-642,27.68
N-581,N-582,12.18
N-581,N-589,16.82
N-581,N-631,27.39
N-581,N-636,26.87
N-582,N-631,22.71
N-583,N-615,16.27
N-583,N-653,32.23
N-584,N-643,26.08
N-584,N-676,41.55
N-585,N-598,8.23
N-585,N-605,27.03
N-585,N-608,15.32
N-586,N-601,33.52
N-586,N-645,29.55
N-587,N-649,28.29
N-588,N-590,31.85
N-588,N-609,15.52
N-588,N-640,26.85
N-588,N-681,56.36
N-589,N-600,15.87
N-589,N-636,22.91
N-590,N-609,24.28
N-591,N-594,4.05
N-591,N-604,10.89
N-591,N-619,13.78
N-592,N-612,19.31
N-592,N-638,36.89
N-593,N-626,25.73
N-593,N-629,39.94
N-594,N-604,6.84
N-594,N-619,10.19
N-595,N-655,29.98
N-595,N-685,44.99
N-596,N-664,37.02
N-597,N-599,14.18
N-597,N-617,27.38
N-597,N-644,24.73
N-598,N-605,25.95
N-598,N-608,9.15
N-598,N-646,38.91
N-599,N-617,40.45
N-599,N-644,16.44
N-600,N-636,24.25
N-600,N-662,26.33
N-601,N-660,25.71
N-602,N-623,27.53
N-602,N-688,33.19
N-603,N-671,43.49
N-603,N-732,49.87
N-604,N-619,5.59
N-604,N-625,9.92
N-605,N-678,31.69
N-606,N-622,33.38
N-606,N-630,17.54
N-606,N-652,57.02
N-606,N-694,34.22
N-607,N-674,33.04
N-607,N-684,39.72
N-608,N-646,29.76
N-609,N-640,26.69
N-609,N-728,50.96
N-610,N-627,31.43
N-610,N-724,48.78
N-611,N-667,39.59
N-611,N-680,31.70
N-612,N-632,24.79
N-612,N-638,17.58
N-613,N-665,28.18
N-613,N-740,54.88
N-614,N-696,32.79
N-614,N-745,48.41
N-615,N-653,15.96
N-616,N-667,28.00
N-616,N-691,32.20
N-617,N-635,33.80
N-617,N-656,17.92
N-617,N-686,31.04
N-618,N-639,9.99
N-618,N-654,15.34
N-618,N-658,19.87
N-619,N-625,9.80
N-620,N-628,11.18
N-620,N-637,10.21
N-620,N-668,23.11
N-621,N-622,41.36
N-621,N-628,41.61
N-621,N-637,47.02
N-622,N-694,37.56
N-623,N-704,34.19
N-623,N-750,48.54
N-624,N-645,16.15
N-624,N-650,21.90
N-624,N-673,26.42
N-625,N-648,9.47
N-626,N-629,16.13
N-626,N-657,22.05
N-626,N-675,21.18
N-627,N-722,39.94
N-628,N-637,6.56
N-628,N-668,21.84
N-629,N-657,12.75
N-629,N-675,24.63
N-630,N-652,40.73
N-630,N-694,33.44
N-631,N-670,17.98
N-631,N-700,29.99
N-632,N-638,9.70
N-632,N-664,21.99
N-632,N-682,24.86
N-633,N-687,22.41
N-633,N-692,30.25
N-634,N-689,24.63
N-634,N-737,44.39
N-635,N-672,16.89
N-635,N-686,27.21
N-636,N-662,28.34
N-636,N-670,31.30
N-637,N-668,15.72
N-638,N-664,28.96
N-638,N-699,26.54
N-639,N-654,5.49
N-639,N-658,9.92
N-640,N-681,31.70
N-640,N-728,57.08
N-641,N-651,26.66
N-641,N-661,14.07
N-641,N-707,29.50
N-642,N-690,20.50
N-643,N-676,15.47
N-643,N-698,26.51
N-644,N-700,38.44
N-644,N-751,41.55
N-645,N-673,14.31
N-645,N-711,33.88
N-646,N-685,29.90
N-647,N-677,15.91
N-647,N-716,37.59
N-648,N-650,14.92
N-648,N-659,8.47
N-649,N-721,31.67
N-649,N-772,44.13
N-650,N-659,12.21
N-650,N-679,14.62
N-651,N-695,17.60
N-651,N-748,34.86
N-652,N-669,40.70
N-653,N-693,16.06
N-653,N-736,32.05
N-654,N-658,5.37
N-654,N-683,15.16
N-655,N-719,30.00
N-655,N-725,35.64
N-656,N-686,19.84
N-656,N-735,27.82
N-657,N-675,17.11
N-657,N-709,31.13
N-658,N-683,9.97
N-659,N-679,8.49
N-659,N-697,15.97
N-660,N-672,37.24
N-660,N-705,17.49
N-661,N-663,34.99
N-661,N-707,17.52
N-661,N-747,28.23
N-662,N-743,33.00
N-663,N-666,34.99
N-663,N-706,17.00
N-664,N-682,6.36
N-664,N-734,30.67
N-665,N-740,26.79
N-665,N-806,53.74
N-666,N-687,35.82
N-666,N-714,16.49
N-667,N-691,7.41
N-667,N-733,35.26
N-667,N-746,28.78
N-669,N-867,68.20
N-670,N-700,15.91
N-671,N-732,29.99
N-671,N-744,22.75
N-671,N-765,32.46
N-672,N-686,19.97
N-672,N-705,41.47
N-673,N-711,24.28
N-673,N-758,32.21
N-674,N-684,9.44
N-674,N-708,25.76
N-674,N-713,23.27
N-674,N-717,19.24
N-676,N-698,17.39
N-676,N-731,27.27
N-677,N-716,34.71
N-677,N-731,31.54
N-677,N-764,29.76
N-678,N-753,26.19
N-679,N-697,7.48
N-679,N-715,15.60
N-680,N-746,39.72
N-680,N-752,27.26
N-681,N-729,30.03
N-682,N-730,25.25
N-682,N-734,28.04
N-682,N-789,52.88
N-683,N-702,10.00
N-683,N-712,14.24
N-684,N-717,14.02
N-684,N-766,30.58
N-685,N-725,30.38
N-686,N-735,28.14
N-687,N-692,28.13
N-687,N-703,28.26
N-687,N-723,15.29
N-688,N-701,11.20
N-688,N-704,27.38
N-688,N-767,28.23
N-689,N-716,27.90
N-689,N-737,39.65
N-690,N-770,28.15
N-690,N-782,41.39
N-691,N-733,28.71
N-691,N-746,25.89
N-692,N-703,6.43
N-692,N-718,29.10
N-692,N-759,23.64
N-693,N-736,15.98
N-693,N-781,31.98
N-694,N-795,36.54
N-695,N-710,38.50
N-695,N-748,17.41
N-695,N-755,23.11
N-696,N-745,19.02
N-696,N-760,28.52
N-697,N-715,8.12
N-697,N-741,16.84
N-698,N-731,37.63
N-698,N-760,33.92
N-699,N-730,19.13
N-699,N-738,13.41
N-699,N-803,33.75
N-700,N-751,25.73
N-701,N-737,31.68
N-701,N-767,20.79
N-702,N-712,13.87
N-702,N-727,9.99
N-702,N-739,25.41
N-703,N-718,28.41
N-703,N-759,17.21
N-704,N-750,26.70
N-705,N-711,34.01
N-706,N-707,34.99
N-706,N-714,34.97
N-707,N-747,11.22
N-708,N-713,4.13
N-708,N-763,26.72
N-708,N-771,25.85
N-709,N-765,27.51
N-709,N-774,20.58
N-710,N-742,38.51
N-710,N-761,15.89
N-711,N-758,15.91
N-712,N-727,19.54
N-712,N-739,12.00
N-713,N-763,29.17
N-713,N-771,27.87
N-714,N-723,37.05
N-715,N-741,8.72
N-715,N-768,18.66
N-716,N-764,26.15
N-717,N-766,17.28
N-717,N-811,34.36
N-718,N-749,31.82
N-718,N-775,17.53
N-719,N-779,24.11
N-719,N-817,30.00
N-720,N-726,31.99
N-720,N-732,30.00
N-720,N-776,22.60
N-720,N-778,22.24
N-721,N-742,28.67
N-721,N-772,14.47
N-721,N-802,24.50
N-722,N-762,31.79
N-722,N-830,38.15
N-723,N-759,28.54
N-723,N-773,15.75
N-724,N-809,35.49
N-724,N-844,43.70
N-725,N-779,25.36
N-726,N-778,23.02
N-726,N-784,21.48
N-727,N-757,9.99
N-727,N-786,19.97
N-728,N-814,28.37
N-729,N-762,29.65
N-729,N-783,26.89
N-730,N-738,23.90
N-730,N-803,29.61
N-731,N-764,37.84
N-732,N-744,19.82
N-732,N-776,20.52
N-732,N-780,22.20
N-733,N-790,30.22
N-734,N-789,24.84
N-735,N-792,26.11
N-736,N-781,16.00
N-736,N-821,29.50
N-737,N-767,34.19
N-737,N-869,52.75
N-738,N-803,23.48
N-739,N-784,24.54
N-739,N-838,33.05
N-740,N-806,27.12
N-740,N-840,35.67
N-741,N-768,9.95
N-741,N-793,19.93
N-742,N-772,34.90
N-742,N-787,14.38
N-743,N-819,30.79
N-743,N-871,54.06
N-744,N-765,17.69
N-744,N-780,13.50
N-744,N-808,22.09
N-745,N-760,28.69
N-745,N-777,41.45
N-745,N-785,21.27
N-745,N-791,25.94
N-746,N-820,28.49
N-747,N-755,29.03
N-747,N-842,30.99
N-748,N-755,10.35
N-748,N-761,38.69
N-749,N-775,35.91
N-749,N-800,17.83
N-750,N-806,49.24
N-751,N-792,35.24
N-751,N-880,44.19
N-751,N-935,68.17
N-752,N-820,40.95
N-752,N-828,27.26
N-753,N-824,23.25
N-753,N-858,33.94
N-754,N-801,26.88
N-754,N-813,19.73
N-754,N-831,24.82
N-755,N-854,32.45
N-756,N-769,25.30
N-756,N-788,8.81
N-756,N-826,26.18
N-757,N-786,9.97
N-757,N-812,19.98
N-758,N-793,39.33
N-759,N-773,19.97
N-759,N-775,28.46
N-759,N-856,38.43
N-760,N-791,11.06
N-760,N-866,36.63
N-761,N-787,38.62
N-762,N-783,9.67
N-762,N-830,25.79
N-763,N-771,3.59
N-763,N-827,29.33
N-763,N-832,31.16
N-764,N-876,39.62
N-765,N-774,25.40
N-765,N-780,21.00
N-765,N-808,19.99
N-766,N-811,17.07
N-766,N-857,34.41
N-767,N-869,36.36
N-768,N-793,9.99
N-768,N-825,19.99
N-769,N-810,22.59
N-769,N-826,20.66
N-770,N-782,19.54
N-770,N-815,14.67
N-772,N-797,30.25
N-772,N-802,11.54
N-773,N-856,27.86
N-774,N-810,19.60
N-774,N-849,30.96
N-775,N-800,31.71
N-776,N-780,30.59
N-777,N-785,23.81
N-777,N-846,41.90
N-778,N-784,31.10
N-779,N-817,26.20
N-780,N-808,11.26
N-780,N-868,33.33
N-781,N-821,13.50
N-781,N-848,24.68
N-782,N-815,24.21
N-782,N-835,17.65
N-783,N-830,25.03
N-783,N-860,26.75
N-783,N-894,48.68
N-784,N-838,31.59
N-785,N-791,38.54
N-786,N-812,10.00
N-787,N-802,32.16
N-787,N-851,26.91
N-788,N-826,20.78
N-788,N-845,22.09
N-789,N-850,31.22
N-790,N-809,24.52
N-790,N-844,29.80
N-791,N-866,28.26
N-791,N-939,56.50
N-792,N-880,43.50
N-792,N-935,73.43
N-793,N-825,10.00
N-794,N-798,27.02
N-794,N-805,26.26
N-794,N-937,52.37
N-795,N-804,13.73
N-795,N-816,16.41
N-795,N-829,49.17
N-795,N-833,15.47
N-796,N-799,29.57
N-796,N-801,33.79
N-796,N-813,49.78
N-797,N-836,11.97
N-797,N-839,31.46
N-797,N-863,32.32
N-798,N-807,26.08
N-798,N-837,33.73
N-799,N-804,24.77
N-799,N-833,30.14
N-800,N-835,35.78
N-801,N-813,16.11
N-801,N-831,25.29
N-802,N-836,30.55
N-802,N-851,23.57
N-804,N-816,29.20
N-804,N-833,9.65
N-805,N-822,30.26
N-805,N-931,46.92
N-806,N-840,33.06
N-807,N-818,15.68
N-807,N-837,10.17
N-808,N-868,29.49
N-809,N-844,10.35
N-809,N-891,36.77
N-810,N-849,13.62
N-811,N-857,17.34
N-811,N-893,34.50
N-812,N-841,9.99
N-812,N-859,17.80
N-813,N-831,9.82
N-814,N-895,32.80
N-814,N-942,55.46
N-815,N-855,14.81
N-815,N-864,22.98
N-816,N-829,33.11
N-816,N-833,26.61
N-817,N-882,38.33
N-817,N-886,30.24
N-818,N-837,11.43
N-818,N-848,38.37
N-819,N-871,23.27
N-819,N-875,32.96
N-819,N-918,39.17
N-820,N-890,28.99
N-821,N-848,11.71
N-822,N-843,26.90
N-822,N-861,38.07
N-823,N-845,24.84
N-823,N-847,25.60
N-823,N-865,17.98
N-823,N-883,22.31
N-824,N-843,15.82
N-824,N-858,13.61
N-824,N-861,15.12
N-824,N-872,37.62
N-825,N-862,14.54
N-826,N-845,29.00
N-826,N-849,28.62
N-826,N-919,37.33
N-827,N-832,2.53
N-827,N-878,29.60
N-828,N-834,22.50
N-828,N-907,33.32
N-829,N-852,35.11
N-830,N-860,20.93
N-830,N-879,29.66
N-831,N-915,33.49
N-832,N-878,27.94
N-833,N-906,29.41
N-834,N-846,22.31
N-834,N-907,30.28
N-835,N-855,23.85
N-835,N-864,19.65
N-836,N-839,33.74
N-836,N-863,30.17
N-838,N-900,24.29
N-839,N-863,11.89
N-840,N-882,38.38
N-841,N-859,7.81
N-841,N-874,17.14
N-842,N-854,28.59
N-842,N-916,31.49
N-843,N-861,12.28
N-843,N-888,20.38
N-844,N-891,29.01
N-846,N-907,40.67
N-847,N-865,19.58
N-847,N-883,28.28
N-847,N-897,24.05
N-849,N-919,35.99
N-850,N-878,39.50
N-850,N-904,28.03
N-851,N-923,32.32
N-852,N-867,26.11
N-852,N-889,54.35
N-853,N-884,14.36
N-853,N-887,31.58
N-853,N-912,32.75
N-854,N-914,26.29
N-855,N-864,9.19
N-855,N-884,31.29
N-855,N-896,19.36
N-856,N-913,24.88
N-857,N-893,17.17
N-858,N-861,13.14
N-858,N-872,26.75
N-858,N-888,20.55
N-859,N-874,9.33
N-859,N-892,16.79
N-860,N-879,42.62
N-860,N-894,33.56
N-861,N-888,11.34
N-862,N-885,9.87
N-862,N-909,22.53
N-864,N-896,11.33
N-864,N-948,31.90
N-865,N-883,8.87
N-866,N-939,28.24
N-866,N-1020,56.48
N-867,N-889,28.23
N-867,N-911,60.29
N-868,N-922,30.29
N-869,N-969,36.55
N-870,N-898,12.12
N-870,N-899,18.14
N-870,N-917,22.31
N-871,N-875,13.41
N-871,N-903,22.16
N-871,N-918,28.86
N-871,N-962,34.39
N-872,N-902,29.67
N-873,N-897,19.71
N-873,N-924,23.96
N-873,N-938,24.56
N-874,N-892,7.46
N-874,N-908,15.59
N-875,N-903,11.76
N-875,N-954,29.29
N-876,N-934,22.63
N-876,N-1000,45.07
N-877,N-881,17.22
N-877,N-901,24.98
N-877,N-909,37.55
N-877,N-921,49.96
N-878,N-904,21.58
N-878,N-932,23.00
N-879,N-910,22.30
N-880,N-935,29.93
N-881,N-885,22.72
N-881,N-901,41.57
N-881,N-909,21.90
N-881,N-921,66.38
N-882,N-886,14.76
N-883,N-949,28.99
N-884,N-912,31.30
N-885,N-909,12.66
N-886,N-940,29.09
N-887,N-912,13.85
N-887,N-920,28.53
N-887,N-955,29.53
N-888,N-925,23.08
N-888,N-946,21.13
N-889,N-911,32.06
N-890,N-941,30.25
N-890,N-953,22.76
N-890,N-976,35.00
N-891,N-963,37.51
N-892,N-908,8.13
N-892,N-928,17.45
N-893,N-929,17.33
N-894,N-992,35.61
N-895,N-942,23.10
N-895,N-966,28.55
N-895,N-972,27.59
N-896,N-948,20.57
N-897,N-938,25.65
N-898,N-899,20.82
N-898,N-917,10.19
N-898,N-944,19.55
N-899,N-917,27.35
N-900,N-926,24.27
N-900,N-936,26.99
N-901,N-921,24.98
N-902,N-930,31.91
N-902,N-980,54.97
N-903,N-954,17.88
N-904,N-932,16.28
N-904,N-945,14.82
N-904,N-965,24.95
N-905,N-924,18.35
N-905,N-938,29.98
N-905,N-964,22.11
N-906,N-981,25.95
N-906,N-1006,34.80
N-907,N-977,25.97
N-908,N-928,9.32
N-908,N-956,18.63
N-909,N-943,11.44
N-909,N-958,20.24
N-910,N-959,24.93
N-910,N-970,25.19
N-911,N-942,26.98
N-911,N-966,32.73
N-912,N-955,28.26
N-913,N-983,22.58
N-913,N-1044,44.20
N-914,N-916,28.35
N-914,N-990,24.72
N-915,N-957,21.74
N-915,N-967,19.18
N-915,N-974,36.78
N-916,N-1007,31.99
N-917,N-944,9.36
N-917,N-952,13.97
N-918,N-962,19.71
N-919,N-1015,41.49
N-920,N-944,21.25
N-920,N-952,17.83
N-920,N-955,13.42
N-922,N-991,28.36
N-922,N-1032,45.83
N-923,N-975,17.31
N-923,N-1055,48.99
N-924,N-938,11.69
N-924,N-964,28.70
N-925,N-927,25.33
N-925,N-946,13.91
N-926,N-936,44.56
N-926,N-968,38.00
N-926,N-987,31.23
N-926,N-1056,46.00
N-927,N-931,25.85
N-927,N-946,38.65
N-928,N-956,9.31
N-928,N-968,18.36
N-928,N-987,31.42
N-929,N-978,17.30
N-929,N-994,22.03
N-930,N-979,33.18
N-930,N-980,23.62
N-931,N-937,25.34
N-932,N-945,12.90
N-932,N-1014,37.02
N-933,N-951,30.72
N-933,N-960,10.21
N-933,N-989,32.01
N-933,N-995,20.76
N-934,N-1000,22.44
N-934,N-1098,59.37
N-936,N-984,26.98
N-937,N-951,25.84
N-937,N-960,51.16
N-939,N-1020,28.24
N-940,N-961,15.01
N-940,N-986,29.98
N-941,N-953,25.27
N-941,N-1017,30.76
N-942,N-966,8.05
N-942,N-972,19.83
N-943,N-958,9.43
N-943,N-973,10.60
N-943,N-997,21.29
N-944,N-952,5.33
N-944,N-971,18.28
N-944,N-993,17.86
N-945,N-965,13.05
N-945,N-1014,44.81
N-945,N-1016,34.56
N-946,N-1030,29.48
N-947,N-964,19.15
N-947,N-985,27.99
N-947,N-1005,22.84
N-948,N-1018,25.56
N-949,N-982,20.50
N-949,N-1021,28.99
N-949,N-1027,28.02
N-950,N-1024,27.99
N-950,N-1046,46.10
N-950,N-1070,45.37
N-951,N-960,25.33
N-952,N-955,23.96
N-952,N-993,14.95
N-953,N-976,17.52
N-953,N-1017,47.19
N-954,N-962,32.58
N-955,N-993,27.76
N-956,N-968,18.93
N-956,N-988,12.95
N-957,N-967,27.87
N-957,N-974,15.33
N-957,N-996,35.30
N-958,N-973,4.82
N-958,N-997,13.64
N-959,N-963,7.64
N-959,N-970,3.61
N-959,N-998,14.44
N-959,N-1011,21.06
N-960,N-995,12.00
N-961,N-986,14.97
N-961,N-1010,34.14
N-963,N-970,10.24
N-963,N-998,13.37
N-965,N-1016,22.08
N-966,N-972,15.39
N-966,N-1026,44.28
N-966,N-1048,30.69
N-967,N-1039,27.12
N-967,N-1066,37.50
N-968,N-987,13.33
N-969,N-1064,36.20
N-969,N-1168,71.78
N-970,N-998,13.08
N-970,N-1011,17.55
N-971,N-1002,13.13
N-971,N-1023,19.11
N-972,N-1026,30.57
N-973,N-997,10.69
N-974,N-996,19.97
N-975,N-1055,31.71
N-975,N-1067,48.02
N-976,N-1045,26.99
N-977,N-1041,25.13
N-977,N-1045,41.84
N-978,N-994,13.70
N-978,N-1008,25.44
N-979,N-980,11.80
N-979,N-1004,9.81
N-979,N-1010,45.85
N-979,N-1083,39.77
N-980,N-1004,12.93
N-981,N-1003,13.13
N-981,N-1006,13.65
N-981,N-1012,39.34
N-981,N-1019,14.34
N-982,N-1021,14.11
N-982,N-1027,29.81
N-982,N-1094,43.66
N-983,N-1044,21.64
N-983,N-1052,27.37
N-984,N-991,32.58
N-984,N-1032,26.99
N-985,N-1005,17.21
N-985,N-1042,22.03
N-986,N-1010,19.17
N-987,N-1056,34.36
N-988,N-1009,10.45
N-988,N-1013,11.09
N-988,N-1038,20.62
N-989,N-995,31.12
N-989,N-1001,20.49
N-990,N-1007,29.93
N-990,N-1051,22.78
N-991,N-1032,17.47
N-991,N-1069,31.72
N-992,N-1036,34.91
N-992,N-1119,57.11
N-993,N-1033,14.44
N-994,N-1008,11.74
N-995,N-1001,51.09
N-996,N-999,26.01
N-997,N-1062,24.89
N-998,N-1011,15.79
N-998,N-1075,46.68
N-999,N-1003,30.65
N-999,N-1034,21.04
N-1000,N-1098,36.93
N-1001,N-1022,25.49
N-1002,N-1023,10.41
N-1002,N-1033,23.34
N-1002,N-1050,32.15
N-1002,N-1068,32.33
N-1003,N-1006,20.54
N-1003,N-1019,9.28
N-1003,N-1034,17.17
N-1004,N-1083,30.83
N-1005,N-1042,27.00
N-1006,N-1012,27.56
N-1006,N-1019,14.21
N-1007,N-1035,44.21
N-1007,N-1037,17.73
N-1007,N-1089,31.00
N-1008,N-1031,11.92
N-1008,N-1074,24.24
N-1009,N-1013,10.16
N-1009,N-1038,10.17
N-1009,N-1085,31.52
N-1011,N-1075,32.14
N-1011,N-1132,62.69
N-1012,N-1028,32.42
N-1012,N-1040,61.11
N-1013,N-1038,17.21
N-1014,N-1088,37.01
N-1015,N-1072,27.95
N-1015,N-1123,41.54
N-1016,N-1049,18.27
N-1017,N-1029,32.61
N-1018,N-1057,15.40
N-1018,N-1100,33.54
N-1019,N-1034,21.42
N-1020,N-1105,33.99
N-1021,N-1027,22.86
N-1021,N-1094,32.00
N-1022,N-1046,26.00
N-1022,N-1082,44.79
N-1023,N-1033,13.99
N-1023,N-1065,27.46
N-1024,N-1046,22.93
N-1024,N-1070,23.12
N-1024,N-1082,24.81
N-1025,N-1042,17.86
N-1025,N-1061,26.99
N-1025,N-1079,21.11
N-1026,N-1058,27.71
N-1028,N-1040,28.69
N-1028,N-1053,59.65
N-1029,N-1091,29.66
N-1029,N-1126,43.14
N-1030,N-1095,26.95
N-1030,N-1103,31.63
N-1031,N-1060,17.90
N-1031,N-1074,19.27
N-1032,N-1069,26.99
N-1032,N-1080,21.19
N-1032,N-1137,46.77
N-1033,N-1065,16.39
N-1033,N-1109,34.03
N-1035,N-1037,28.29
N-1035,N-1047,26.19
N-1036,N-1093,36.40
N-1036,N-1119,32.58
N-1037,N-1089,25.21
N-1038,N-1062,30.99
N-1038,N-1085,21.39
N-1039,N-1066,19.37
N-1039,N-1115,31.78
N-1040,N-1053,30.96
N-1041,N-1096,24.23
N-1041,N-1106,42.35
N-1042,N-1079,26.99
N-1042,N-1121,31.35
N-1043,N-1044,31.94
N-1043,N-1047,24.92
N-1043,N-1052,25.52
N-1044,N-1052,8.22
N-1044,N-1059,10.60
N-1044,N-1073,12.51
N-1045,N-1081,25.07
N-1045,N-1106,28.40
N-1045,N-1108,45.64
N-1046,N-1082,20.37
N-1047,N-1052,50.19
N-1048,N-1112,27.51
N-1048,N-1124,33.01
N-1049,N-1084,17.80
N-1049,N-1102,30.00
N-1050,N-1068,12.37
N-1050,N-1092,33.15
N-1051,N-1054,17.71
N-1051,N-1071,11.61
N-1052,N-1059,14.57
N-1052,N-1073,9.61
N-1053,N-1078,30.58
N-1053,N-1097,59.37
N-1054,N-1063,21.90
N-1054,N-1071,25.83
N-1055,N-1067,24.32
N-1055,N-1077,38.03
N-1056,N-1154,36.35
N-1057,N-1100,18.14
N-1057,N-1125,24.83
N-1058,N-1093,29.58
N-1058,N-1147,45.67
N-1059,N-1073,10.03
N-1059,N-1076,29.77
N-1059,N-1087,57.27
N-1059,N-1161,36.79
N-1060,N-1074,19.08
N-1060,N-1086,18.25
N-1061,N-1079,17.81
N-1061,N-1099,26.99
N-1061,N-1117,21.69
N-1062,N-1085,22.18
N-1062,N-1156,36.49
N-1063,N-1067,34.81
N-1063,N-1077,21.86
N-1064,N-1168,35.59
N-1064,N-1253,70.23
N-1065,N-1109,17.67
N-1066,N-1115,29.96
N-1067,N-1077,13.71
N-1068,N-1120,32.35
N-1069,N-1080,23.02
N-1069,N-1118,26.99
N-1069,N-1178,53.99
N-1070,N-1082,22.30
N-1070,N-1090,18.27
N-1070,N-1114,40.03
N-1071,N-1089,30.88
N-1071,N-1163,31.65
N-1071,N-1182,48.81
N-1072,N-1123,32.68
N-1072,N-1140,29.34
N-1073,N-1076,38.42
N-1073,N-1161,30.71
N-1074,N-1086,34.40
N-1074,N-1141,30.58
N-1075,N-1132,30.55
N-1076,N-1087,27.50
N-1078,N-1097,28.79
N-1078,N-1124,56.23
N-1079,N-1121,22.85
N-1080,N-1118,45.48
N-1080,N-1137,27.81
N-1081,N-1106,33.66
N-1081,N-1108,20.88
N-1081,N-1130,39.99
N-1082,N-1090,38.98
N-1082,N-1135,23.00
N-1083,N-1131,30.41
N-1084,N-1102,12.78
N-1084,N-1134,27.08
N-1085,N-1190,36.50
N-1086,N-1133,33.12
N-1087,N-1110,30.89
N-1088,N-1165,31.57
N-1088,N-1187,45.74
N-1089,N-1163,36.56
N-1089,N-1182,28.92
N-1090,N-1114,21.77
N-1091,N-1104,29.50
N-1091,N-1126,13.59
N-1091,N-1199,35.76
N-1092,N-1120,13.66
N-1092,N-1144,32.60
N-1092,N-1185,32.91
N-1093,N-1119,31.35
N-1093,N-1147,20.63
N-1094,N-1184,32.39
N-1095,N-1101,12.67
N-1095,N-1103,13.43
N-1095,N-1151,25.73
N-1096,N-1106,43.00
N-1096,N-1169,24.23
N-1097,N-1112,30.93
N-1097,N-1124,27.44
N-1098,N-1188,28.36
N-1098,N-1249,55.72
N-1099,N-1117,17.43
N-1099,N-1139,25.09
N-1100,N-1125,8.70
N-1100,N-1129,15.10
N-1100,N-1158,19.85
N-1101,N-1103,24.97
N-1101,N-1107,33.78
N-1101,N-1153,19.44
N-1101,N-1183,23.96
N-1102,N-1134,14.92
N-1102,N-1164,24.60
N-1103,N-1113,33.68
N-1103,N-1151,17.00
N-1103,N-1157,35.53
N-1104,N-1126,22.54
N-1104,N-1197,33.77
N-1104,N-1217,60.03
N-1105,N-1198,30.00
N-1105,N-1262,56.02
N-1106,N-1180,22.61
N-1106,N-1202,33.08
N-1107,N-1116,33.99
N-1107,N-1153,30.80
N-1107,N-1159,17.23
N-1108,N-1130,19.11
N-1109,N-1167,20.39
N-1110,N-1129,28.36
N-1110,N-1158,37.18
N-1111,N-1127,23.29
N-1111,N-1145,15.29
N-1111,N-1200,29.38
N-1112,N-1124,6.13
N-1112,N-1191,26.02
N-1113,N-1122,34.31
N-1113,N-1157,16.47
N-1114,N-1142,24.37
N-1115,N-1218,38.35
N-1116,N-1127,33.99
N-1116,N-1175,17.80
N-1117,N-1192,27.08
N-1117,N-1196,30.57
N-1118,N-1178,26.99
N-1119,N-1147,27.67
N-1119,N-1251,57.18
N-1120,N-1185,32.14
N-1121,N-1196,32.83
N-1121,N-1203,26.57
N-1122,N-1143,19.89
N-1122,N-1146,22.93
N-1122,N-1176,16.72
N-1123,N-1140,16.04
N-1123,N-1172,28.21
N-1123,N-1195,22.98
N-1124,N-1191,20.87
N-1124,N-1252,49.54
N-1125,N-1129,16.00
N-1125,N-1136,20.14
N-1125,N-1149,14.31
N-1125,N-1158,15.48
N-1126,N-1197,44.02
N-1126,N-1199,28.95
N-1127,N-1145,29.46
N-1127,N-1189,18.52
N-1128,N-1143,9.30
N-1128,N-1146,7.56
N-1128,N-1148,6.95
N-1128,N-1150,7.72
N-1129,N-1158,10.46
N-1129,N-1242,39.13
N-1130,N-1247,45.41
N-1130,N-1269,49.26
N-1131,N-1138,11.71
N-1131,N-1177,12.56
N-1131,N-1181,12.19
N-1132,N-1210,31.62
N-1133,N-1165,32.46
N-1133,N-1187,22.19
N-1134,N-1144,24.37
N-1134,N-1164,10.36
N-1134,N-1204,19.69
N-1135,N-1219,25.99
N-1135,N-1241,35.47
N-1136,N-1149,9.49
N-1136,N-1171,7.25
N-1136,N-1207,23.29
N-1137,N-1212,27.98
N-1138,N-1170,7.29
N-1138,N-1173,7.01
N-1138,N-1174,8.12
N-1139,N-1192,26.29
N-1139,N-1194,15.14
N-1140,N-1195,20.27
N-1140,N-1229,34.92
N-1141,N-1142,24.69
N-1141,N-1208,23.38
N-1141,N-1223,31.72
N-1142,N-1208,24.57
N-1142,N-1223,26.49
N-1143,N-1146,3.20
N-1143,N-1148,6.38
N-1143,N-1176,15.59
N-1144,N-1164,16.40
N-1144,N-1185,14.95
N-1145,N-1179,31.43
N-1145,N-1200,17.20
N-1145,N-1215,31.81
N-1146,N-1148,3.18
N-1146,N-1150,6.35
N-1146,N-1176,18.32
N-1147,N-1251,37.90
N-1148,N-1150,3.17
N-1148,N-1152,6.37
N-1149,N-1171,11.29
N-1150,N-1152,3.20
N-1150,N-1155,6.41
N-1150,N-1186,9.18
N-1151,N-1157,29.11
N-1151,N-1183,25.82
N-1152,N-1155,3.21
N-1152,N-1186,8.42
N-1153,N-1159,24.53
N-1153,N-1183,12.25
N-1153,N-1231,27.42
N-1154,N-1228,31.66
N-1154,N-1268,52.51
N-1155,N-1160,3.23
N-1155,N-1186,8.85
N-1155,N-1214,19.54
N-1156,N-1190,22.35
N-1156,N-1209,41.35
N-1158,N-1242,31.44
N-1159,N-1175,32.03
N-1160,N-1162,3.23
N-1160,N-1166,6.41
N-1160,N-1214,19.72
N-1161,N-1238,27.83
N-1162,N-1166,3.18
N-1162,N-1170,6.40
N-1163,N-1182,30.59
N-1164,N-1185,27.95
N-1164,N-1204,15.20
N-1165,N-1187,15.60
N-1165,N-1221,19.74
N-1165,N-1230,31.08
N-1166,N-1170,3.22
N-1166,N-1173,6.46
N-1167,N-1211,18.12
N-1167,N-1248,36.32
N-1168,N-1253,34.64
N-1168,N-1279,51.01
N-1169,N-1202,41.59
N-1169,N-1233,26.75
N-1170,N-1173,3.24
N-1171,N-1207,16.16
N-1172,N-1195,26.70
N-1172,N-1224,29.17
N-1172,N-1232,25.66
N-1173,N-1174,3.24
N-1173,N-1177,6.48
N-1173,N-1181,9.71
N-1174,N-1177,3.24
N-1174,N-1181,6.47
N-1175,N-1189,32.13
N-1176,N-1316,56.58
N-1177,N-1181,3.23
N-1178,N-1225,26.99
N-1179,N-1201,32.67
N-1179,N-1215,16.74
N-1179,N-1235,33.79
N-1180,N-1202,10.95
N-1180,N-1265,38.41
N-1183,N-1231,21.25
N-1183,N-1287,46.72
N-1184,N-1256,33.04
N-1184,N-1275,44.17
N-1185,N-1234,23.89
N-1186,N-1214,11.58
N-1187,N-1221,21.18
N-1187,N-1230,18.70
N-1187,N-1278,42.54
N-1188,N-1249,27.38
N-1188,N-1291,44.88
N-1189,N-1200,29.88
N-1189,N-1244,35.70
N-1190,N-1209,19.05
N-1191,N-1252,28.80
N-1191,N-1318,54.90
N-1192,N-1194,21.79
N-1193,N-1213,23.34
N-1193,N-1227,17.22
N-1193,N-1240,21.46
N-1194,N-1222,18.99
N-1195,N-1232,22.66
N-1195,N-1255,29.06
N-1196,N-1203,27.69
N-1197,N-1217,33.15
N-1198,N-1262,26.02
N-1198,N-1277,37.30
N-1199,N-1246,25.75
N-1200,N-1215,31.56
N-1200,N-1244,19.96
N-1200,N-1303,42.40
N-1201,N-1226,32.66
N-1201,N-1235,16.46
N-1202,N-1265,27.66
N-1203,N-1220,27.50
N-1203,N-1250,32.99
N-1204,N-1237,16.60
N-1204,N-1254,31.89
N-1205,N-1206,7.17
N-1205,N-1218,20.30
N-1205,N-1222,13.55
N-1206,N-1218,13.19
N-1206,N-1222,20.32
N-1207,N-1227,17.36
N-1208,N-1223,9.00
N-1209,N-1239,27.66
N-1209,N-1260,29.77
N-1210,N-1273,32.34
N-1210,N-1274,36.65
N-1211,N-1248,18.20
N-1211,N-1259,25.56
N-1212,N-1228,52.70
N-1212,N-1271,29.31
N-1213,N-1240,19.10
N-1213,N-1245,17.30
N-1213,N-1257,17.92
N-1214,N-1316,57.94
N-1215,N-1235,33.74
N-1216,N-1273,40.07
N-1216,N-1274,36.97
N-1216,N-1307,43.33
N-1217,N-1292,34.08
N-1218,N-1222,32.76
N-1218,N-1312,38.80
N-1219,N-1226,16.74
N-1219,N-1241,14.63
N-1220,N-1243,31.42
N-1220,N-1250,14.81
N-1221,N-1230,22.11
N-1221,N-1266,28.53
N-1221,N-1285,45.84
N-1223,N-1288,31.91
N-1224,N-1263,21.60
N-1224,N-1290,28.71
N-1225,N-1272,26.99
N-1225,N-1322,40.74
N-1226,N-1241,27.29
N-1226,N-1261,16.16
N-1227,N-1240,17.37
N-1228,N-1271,40.34
N-1228,N-1315,34.11
N-1229,N-1255,22.10
N-1229,N-1299,33.50
N-1230,N-1278,24.55
N-1231,N-1287,25.47
N-1232,N-1263,19.64
N-1232,N-1294,27.24
N-1233,N-1265,41.42
N-1233,N-1284,25.29
N-1234,N-1237,12.29
N-1234,N-1264,17.01
N-1234,N-1286,30.01
N-1236,N-1245,10.02
N-1236,N-1258,9.39
N-1236,N-1259,20.54
N-1237,N-1264,26.96
N-1237,N-1282,31.99
N-1238,N-1317,30.93
N-1238,N-1337,39.18
N-1239,N-1260,10.00
N-1239,N-1268,27.60
N-1240,N-1257,17.37
N-1241,N-1267,25.50
N-1241,N-1280,20.10
N-1242,N-1313,28.28
N-1243,N-1250,31.83
N-1243,N-1275,30.00
N-1244,N-1303,22.46
N-1245,N-1257,11.03
N-1245,N-1258,10.91
N-1246,N-1304,37.45
N-1246,N-1343,39.37
N-1247,N-1269,14.53
N-1247,N-1304,41.84
N-1247,N-1361,51.36
N-1248,N-1259,9.08
N-1248,N-1276,15.93
N-1248,N-1296,21.03
N-1249,N-1289,24.29
N-1249,N-1291,19.91
N-1249,N-1300,47.98
N-1250,N-1325,35.35
N-1251,N-1298,33.07
N-1252,N-1318,26.10
N-1253,N-1279,21.85
N-1253,N-1302,41.94
N-1254,N-1282,16.67
N-1254,N-1314,31.90
N-1255,N-1294,26.28
N-1256,N-1275,12.18
N-1256,N-1295,23.72
N-1258,N-1259,17.43
N-1258,N-1276,15.11
N-1259,N-1276,7.72
N-1259,N-1311,20.28
N-1260,N-1268,28.87
N-1260,N-1283,27.59
N-1261,N-1280,23.55
N-1261,N-1305,20.58
N-1262,N-1277,22.44
N-1262,N-1281,16.33
N-1262,N-1309,39.34
N-1263,N-1290,19.30
N-1263,N-1334,29.42
N-1264,N-1286,13.62
N-1265,N-1329,28.76
N-1266,N-1285,17.31
N-1266,N-1335,42.17
N-1267,N-1293,27.80
N-1267,N-1310,18.60
N-1268,N-1283,9.77
N-1268,N-1301,27.59
N-1269,N-1304,27.31
N-1270,N-1272,28.35
N-1270,N-1290,25.67
N-1270,N-1320,22.02
N-1271,N-1333,29.27
N-1272,N-1320,26.99
N-1272,N-1322,21.86
N-1272,N-1370,50.81
N-1272,N-1450,82.98
N-1273,N-1274,5.26
N-1273,N-1307,16.50
N-1274,N-1307,12.85
N-1274,N-1368,46.43
N-1274,N-1457,78.84
N-1275,N-1295,29.18
N-1275,N-1339,25.76
N-1276,N-1311,14.25
N-1276,N-1345,28.69
N-1277,N-1281,33.62
N-1277,N-1306,44.67
N-1277,N-1363,35.88
N-1278,N-1344,31.91
N-1279,N-1297,52.44
N-1279,N-1302,20.25
N-1280,N-1305,13.22
N-1280,N-1310,30.32
N-1280,N-1373,42.16
N-1280,N-1471,72.30
N-1281,N-1309,23.79
N-1281,N-1363,43.48
N-1281,N-1396,44.29
N-1282,N-1341,31.99
N-1283,N-1301,28.86
N-1284,N-1336,37.37
N-1284,N-1346,23.99
N-1285,N-1335,24.86
N-1286,N-1330,20.68
N-1287,N-1350,26.33
N-1288,N-1324,19.35
N-1288,N-1353,31.56
N-1289,N-1291,30.54
N-1289,N-1297,32.30
N-1290,N-1334,26.19
N-1290,N-1364,34.50
N-1291,N-1300,32.99
N-1292,N-1319,33.51
N-1292,N-1397,50.00
N-1293,N-1324,27.80
N-1293,N-1338,17.78
N-1293,N-1354,27.07
N-1294,N-1334,24.99
N-1295,N-1327,27.34
N-1295,N-1349,24.78
N-1296,N-1311,21.08
N-1296,N-1321,13.52
N-1296,N-1326,24.19
N-1297,N-1302,33.68
N-1298,N-1390,37.65
N-1298,N-1430,55.81
N-1299,N-1323,22.57
N-1299,N-1347,30.53
N-1299,N-1379,33.25
N-1300,N-1309,32.98
N-1301,N-1315,27.14
N-1301,N-1328,10.38
N-1301,N-1332,23.39
N-1303,N-1359,25.41
N-1304,N-1343,30.92
N-1304,N-1377,30.87
N-1305,N-1373,30.49
N-1305,N-1471,60.90
N-1306,N-1336,44.18
N-1306,N-1391,35.60
N-1307,N-1368,33.99
N-1307,N-1457,66.45
N-1308,N-1331,38.16
N-1308,N-1340,57.53
N-1308,N-1483,65.56
N-1308,N-1494,67.66
N-1309,N-1396,48.10
N-1310,N-1338,30.27
N-1311,N-1321,29.80
N-1311,N-1345,16.26
N-1312,N-1342,20.28
N-1312,N-1380,28.35
N-1313,N-1381,29.04
N-1313,N-1464,54.72
N-1314,N-1341,16.74
N-1314,N-1362,31.90
N-1315,N-1328,29.20
N-1315,N-1332,10.31
N-1315,N-1333,25.76
N-1315,N-1360,21.92
N-1316,N-1442,61.67
N-1317,N-1337,8.44
N-1317,N-1358,20.50
N-1317,N-1375,25.26
N-1318,N-1386,31.19
N-1318,N-1487,62.69
N-1318,N-1496,73.56
N-1319,N-1397,32.08
N-1319,N-1411,36.75
N-1319,N-1454,65.89
N-1319,N-1455,52.71
N-1320,N-1322,27.45
N-1320,N-1364,26.99
N-1321,N-1326,12.11
N-1321,N-1352,29.88
N-1322,N-1370,29.98
N-1322,N-1450,62.47
N-1323,N-1351,25.49
N-1323,N-1379,28.31
N-1324,N-1355,17.58
N-1325,N-1366,21.42
N-1325,N-1367,27.12
N-1325,N-1369,46.78
N-1325,N-1374,56.50
N-1326,N-1352,19.03
N-1326,N-1384,37.67
N-1327,N-1347,22.91
N-1327,N-1349,22.43
N-1328,N-1332,21.90
N-1329,N-1389,26.49
N-1329,N-1423,35.19
N-1330,N-1356,14.76
N-1330,N-1378,32.16
N-1331,N-1340,19.38
N-1331,N-1408,82.14
N-1331,N-1469,86.44
N-1331,N-1494,70.18
N-1332,N-1360,14.78
N-1333,N-1372,17.24
N-1333,N-1399,28.59
N-1334,N-1431,41.13
N-1335,N-1371,23.53
N-1336,N-1346,27.90
N-1336,N-1432,35.41
N-1337,N-1358,12.22
N-1337,N-1375,17.20
N-1338,N-1354,10.56
N-1338,N-1355,23.80
N-1338,N-1426,32.88
N-1339,N-1376,20.24
N-1339,N-1382,22.84
N-1340,N-1408,62.78
N-1340,N-1469,67.80
N-1341,N-1403,31.99
N-1342,N-1380,17.77
N-1342,N-1392,23.36
N-1343,N-1377,30.89
N-1343,N-1394,33.62
N-1343,N-1447,58.63
N-1344,N-1393,22.10
N-1344,N-1449,39.77
N-1345,N-1414,26.17
N-1346,N-1389,40.43
N-1346,N-1432,44.58
N-1346,N-1473,42.77
N-1347,N-1365,8.46
N-1347,N-1400,21.29
N-1348,N-1357,16.86
N-1348,N-1422,24.63
N-1348,N-1425,24.56
N-1349,N-1382,19.88
N-1349,N-1387,14.63
N-1350,N-1438,27.08
N-1350,N-1460,33.56
N-1351,N-1395,24.50
N-1351,N-1434,25.83
N-1352,N-1384,18.89
N-1353,N-1401,19.38
N-1353,N-1402,33.08
N-1353,N-1462,38.49
N-1354,N-1355,18.26
N-1354,N-1426,24.50
N-1355,N-1401,33.82
N-1355,N-1426,36.42
N-1356,N-1378,20.20
N-1356,N-1406,29.01
N-1357,N-1427,25.60
N-1357,N-1440,24.33
N-1358,N-1375,5.22
N-1358,N-1388,16.51
N-1359,N-1441,23.57
N-1359,N-1495,44.01
N-1360,N-1399,23.32
N-1360,N-1412,19.27
N-1361,N-1437,43.49
N-1361,N-1475,53.27
N-1361,N-1500,51.95
N-1362,N-1371,24.83
N-1362,N-1403,16.81
N-1362,N-1433,27.61
N-1363,N-1391,45.49
N-1363,N-1396,22.54
N-1364,N-1431,26.99
N-1365,N-1379,22.78
N-1365,N-1400,19.06
N-1365,N-1429,21.33
N-1366,N-1367,30.35
N-1366,N-1369,32.31
N-1367,N-1374,33.61
N-1368,N-1457,32.46
N-1369,N-1376,32.53
N-1370,N-1450,32.49
N-1371,N-1433,20.23
N-1371,N-1488,36.78
N-1372,N-1399,13.25
N-1372,N-1412,21.49
N-1372,N-1415,25.77
N-1372,N-1451,26.83
N-1373,N-1471,30.41
N-1374,N-1383,29.02
N-1375,N-1388,12.16
N-1375,N-1409,13.29
N-1375,N-1410,12.99
N-1376,N-1382,27.86
N-1377,N-1394,56.60
N-1377,N-1437,27.14
N-1377,N-1447,79.65
N-1377,N-1475,33.72
N-1378,N-1406,10.18
N-1378,N-1428,18.34
N-1379,N-1405,18.83
N-1379,N-1429,20.34
N-1379,N-1472,28.18
N-1380,N-1392,25.58
N-1380,N-1419,13.89
N-1380,N-1439,36.64
N-1380,N-1448,25.74
N-1381,N-1464,25.68
N-1381,N-1476,36.54
N-1382,N-1387,21.48
N-1383,N-1392,31.85
N-1383,N-1448,45.14
N-1384,N-1407,16.13
N-1385,N-1388,27.79
N-1385,N-1398,8.54
N-1385,N-1404,20.27
N-1386,N-1487,31.51
N-1386,N-1496,43.31
N-1387,N-1466,24.51
N-1388,N-1398,21.24
N-1388,N-1404,9.55
N-1388,N-1409,6.56
N-1389,N-1423,9.93
N-1389,N-1470,40.07
N-1389,N-1485,31.06
N-1390,N-1430,27.61
N-1390,N-1461,22.35
N-1390,N-1479,26.62
N-1391,N-1432,45.68
N-1392,N-1448,17.54
N-1393,N-1449,17.67
N-1393,N-1463,27.49
N-1394,N-1447,25.01
N-1395,N-1434,27.54
N-1395,N-1481,28.27
N-1395,N-1492,40.41
N-1397,N-1411,15.41
N-1397,N-1454,52.80
N-1397,N-1455,23.35
N-1398,N-1404,12.56
N-1399,N-1412,9.11
N-1399,N-1451,25.33
N-1400,N-1444,11.99
N-1400,N-1466,24.21
N-1401,N-1462,35.44
N-1402,N-1462,19.49
N-1402,N-1463,33.98
N-1403,N-1433,29.87
N-1403,N-1493,29.30
N-1404,N-1409,12.13
N-1405,N-1434,17.54
N-1405,N-1472,23.10
N-1406,N-1407,25.50
N-1406,N-1428,8.17
N-1406,N-1478,28.33
N-1406,N-1497,43.50
N-1407,N-1428,21.97
N-1408,N-1469,18.31
N-1409,N-1443,13.40
N-1410,N-1413,8.11
N-1410,N-1417,3.08
N-1410,N-1443,9.80
N-1411,N-1454,37.44
N-1411,N-1455,34.06
N-1413,N-1417,6.94
N-1413,N-1421,4.53
N-1414,N-1445,9.00
N-1414,N-1467,19.78
N-1414,N-1490,26.02
N-1415,N-1451,13.21
N-1415,N-1474,28.69
N-1415,N-1498,31.53
N-1416,N-1418,2.68
N-1416,N-1420,5.37
N-1416,N-1421,8.83
N-1416,N-1422,8.07
N-1417,N-1421,10.37
N-1417,N-1443,8.27
N-1418,N-1420,2.69
N-1418,N-1422,5.38
N-1419,N-1439,27.04
N-1419,N-1448,23.58
N-1420,N-1422,2.70
N-1422,N-1425,5.38
N-1422,N-1427,11.03
N-1422,N-1436,6.92
N-1423,N-1470,33.54
N-1423,N-1485,23.37
N-1423,N-1500,63.88
N-1424,N-1430,24.03
N-1424,N-1435,12.21
N-1424,N-1489,20.08
N-1425,N-1427,5.64
N-1425,N-1436,2.82
N-1427,N-1436,5.32
N-1427,N-1440,12.61
N-1427,N-1452,19.64
N-1428,N-1478,27.51
N-1428,N-1497,42.99
N-1429,N-1444,19.56
N-1429,N-1472,22.45
N-1430,N-1435,12.22
N-1430,N-1461,19.26
N-1430,N-1479,26.51
N-1430,N-1491,23.05
N-1431,N-1492,26.99
N-1432,N-1473,23.89
N-1433,N-1482,17.71
N-1433,N-1488,22.93
N-1433,N-1493,40.37
N-1434,N-1481,21.51
N-1435,N-1489,17.98
N-1435,N-1491,19.47
N-1437,N-1475,12.13
N-1438,N-1456,31.55
N-1438,N-1460,7.96
N-1438,N-1468,24.03
N-1438,N-1477,53.25
N-1439,N-1459,32.99
N-1440,N-1446,12.03
N-1440,N-1452,7.40
N-1441,N-1484,31.48
N-1441,N-1495,21.03
N-1442,N-1456,44.39
N-1442,N-1458,19.33
N-1444,N-1466,22.70
N-1445,N-1467,11.30
N-1445,N-1490,17.02
N-1446,N-1452,5.96
N-1446,N-1453,17.83
N-1446,N-1465,15.03
N-1449,N-1463,10.68
N-1451,N-1474,33.53
N-1451,N-1498,31.09
N-1452,N-1453,23.23
N-1452,N-1465,19.92
N-1453,N-1465,4.42
N-1453,N-1476,24.13
N-1453,N-1486,28.24
N-1456,N-1458,25.73
N-1456,N-1460,27.26
N-1458,N-1460,52.99
N-1459,N-1480,35.16
N-1459,N-1483,55.37
N-1460,N-1468,26.16
N-1461,N-1479,7.56
N-1464,N-1476,18.00
N-1464,N-1486,16.73
N-1464,N-1499,19.08
N-1467,N-1490,8.49
N-1468,N-1477,29.98
N-1470,N-1500,30.34
N-1473,N-1485,42.61
N-1474,N-1498,12.66
N-1476,N-1486,5.26
N-1476,N-1499,32.87
N-1477,N-1484,30.80
N-1478,N-1497,15.49
N-1480,N-1483,20.48
N-1480,N-1494,41.78
N-1481,N-1492,37.30
N-1482,N-1488,23.55
N-1482,N-1493,27.39
N-1483,N-1494,21.47
N-1484,N-1495,32.71
N-1486,N-1499,28.99
N-1487,N-1496,16.71
N-1489,N-1491,9.68
